artifact	artifact_type	created_by_step_id	created_by_script_rule_process	creation_command	consumed_by_step_ids	consumed_by_scripts_rules_processes	paper_figure_table_targets	available_now	blocker_if_missing
data/PX3085_GTGGATCAAA-CAGGGTTGGC/barcodes.tsv.gz	raw_input	download_gse288990	GEO:GSE288990 download	curl GSE288990_RAW.tar → extract + rename	step_scrna_qc	dicer1_scrna_qc.R	Fig 2a	yes	Download GSE288990
data/GSM9282596_hdt1056_cell_p15_dmem_quant.sf.gz	raw_input	download_gse309820	GEO:GSE309820 download	curl from GEO FTP	step_rna	dicer1_rna.R	Fig 4	yes	Download GSE309820
data/tx2gene.tsv	raw_input	download_gse309820	GEO:GSE309820 download	same as above	step_rna	dicer1_rna.R	Fig 4	yes	Download GSE309820
metadata/dicer1_scrna_sample_metadata.csv	raw_input	repo	repository	git clone	step_scrna_qc	dicer1_scrna_qc.R	—	yes	Clone repo
metadata/dicer1_rna_metadata.csv	raw_input	repo	repository	git clone	step_rna	dicer1_rna.R	Fig 4	yes	Clone repo
metadata/dicer1_swgs_sample_metadata.csv	raw_input	repo	repository	git clone	step_swgs	dicer1_swgs.R + metadata_only_patched.R	Fig 1	yes	Clone repo
reference/gene_order.tsv	reference	generate_gene_order	Ensembl REST API Python script	python3 fetch_gene_order.py	step_infercnv_run	dicer1_scrna_run_infer_cnv.R	Fig 4e + Supp Fig 9c-d	yes	Ensembl REST API query
reference/cell_type_markers_mus_musculus_kidney.yaml	reference	repo	repository	git clone	step_scrna_controls, step_scrna_tumors, step_xenium_mouse	dicer1_scrna_controls.R dicer1_scrna_tumors.R dicer1_xenium_proseg_mus_musculus.R	Fig 2c 3b 5	yes	Clone repo
data/progeny_omnipath.tsv	downloaded_reference	download_progeny	OmniPath REST API	curl omnipathdb.org/annotations?resources=PROGENy	step_pathway	dicer1_scrna_run_pathway_analysis.R	Fig 4g-h	yes	OmniPath REST API
output/scrna/dicer1_scrna_sce_qc.rds	intermediate	step_scrna_qc	dicer1_scrna_qc.R	Rscript code/dicer1_scrna_qc.R	step_scrna_controls step_scrna_tumors	dicer1_scrna_controls.R dicer1_scrna_tumors.R	Fig 2a	yes	Run dicer1_scrna_qc.R
output/scrna/dicer1_scrna_unfilter_control.rds	intermediate	step_scrna_controls	dicer1_scrna_controls.R (patched)	Rscript scripts/patched/dicer1_scrna_controls_patched.R	step_scrna_controls_and_tumors step_infercnv_export	dicer1_scrna_controls_and_tumors.R dicer1_scrna_export_infer_cnv.R	Fig 2b	yes	Run controls script
output/scrna/dicer1_scrna_filter_control.rds	intermediate	step_scrna_controls	dicer1_scrna_controls.R (patched)	same	step_scrna_controls_and_tumors	dicer1_scrna_controls_and_tumors.R	Fig 2c-d	yes	Run controls script
output/scrna/dicer1_scrna_unfilter_tumor.rds	intermediate	step_scrna_tumors	dicer1_scrna_tumors.R (patched)	Rscript scripts/patched/dicer1_scrna_tumors_patched.R	step_scrna_tumors_filter step_infercnv_export	dicer1_scrna_tumors_filter_only_patched.R dicer1_scrna_export_infer_cnv.R	Fig 3a	yes	Run tumors script
output/scrna/dicer1_scrna_filter_tumor.rds	final	step_scrna_tumors_filter	dicer1_scrna_tumors_filter_only_patched.R	Rscript scripts/patched/dicer1_scrna_tumors_filter_only_patched.R	step_scrna_trajectory step_scrna_controls_and_tumors step_infercnv_export step_pathway	dicer1_scrna_trajectory.R dicer1_scrna_controls_and_tumors.R dicer1_scrna_export_infer_cnv.R dicer1_scrna_run_pathway_analysis.R	Fig 3b-c	yes	Run tumors filter-only script
output/scrna/dicer1_scrna_trajectory_cds.rds	final	step_scrna_trajectory	dicer1_scrna_trajectory.R (patched)	Rscript scripts/patched/dicer1_scrna_trajectory_patched.R	NA	NA	Fig 4b-c	yes	Run trajectory script
output/scrna/dicer1_scrna_filter_control_and_tumor.rds	final	step_scrna_controls_and_tumors	dicer1_scrna_controls_and_tumors.R (patched)	Rscript scripts/patched/dicer1_scrna_controls_and_tumors_patched.R	NA	NA	Fig 3b-d	yes	Run controls_and_tumors script
output/infer_cnv/dicer1_scrna_filter_combined_counts.matrix	intermediate	step_infercnv_export	dicer1_scrna_export_infer_cnv_filter_only.R	Rscript scripts/patched/dicer1_scrna_export_infer_cnv_filter_only.R	step_infercnv_run	dicer1_scrna_run_infer_cnv.R	(intermediate)	yes	Run export script
output/infer_cnv/dicer1_scrna_filter_combined_infer_cnv_cells.tsv	intermediate	step_infercnv_export	dicer1_scrna_export_infer_cnv_filter_only.R	same	step_infercnv_run	dicer1_scrna_run_infer_cnv.R	(intermediate)	yes	Run export script
output/infer_cnv/combined_filter/run.final.infercnv_obj	final	step_infercnv_run	dicer1_scrna_run_infer_cnv_v2_patched.R	Rscript code/dicer1_scrna_run_infer_cnv_v2_patched.R	step_infercnv_add_to_seurat	dicer1_scrna_add_to_seurat_intermediate.R	Fig 4e + Supp Fig 9c-d	yes	Completed July 2026 (random_trees fix)
output/infer_cnv/dicer1_scrna_filter_combined_infercnv_metadata.rds	intermediate	step_infercnv_add_to_seurat	dicer1_scrna_add_to_seurat_intermediate.R	Rscript scripts/patched/dicer1_scrna_add_to_seurat_intermediate.R	step_infercnv_seurat	dicer1_scrna_add_infer_cnv_seurat.R	(intermediate)	yes	Completed July 2026; CNV proportion per chromosome added to Seurat metadata
output/infer_cnv/dicer1_scrna_filter_tumor_infercnv.svg	final	step_infercnv_seurat	dicer1_scrna_add_infer_cnv_seurat.R	Rscript code/dicer1_scrna_add_infer_cnv_seurat.R	NA	NA	Fig 4e + Supp Fig 9	yes	Completed July 2026; PNG and SVG both present; split_sample variant also generated
output/tables/dicer1_rna_dmem_de_mut_vs_wt.csv	final	step_rna	dicer1_rna.R (patched)	Rscript scripts/patched/dicer1_rna_patched.R	NA	NA	Fig 4	yes	Run bulk RNA script
output/tables/dicer1_rna_mesencult_de_mut_vs_wt.csv	final	step_rna	dicer1_rna.R (patched)	same	NA	NA	Fig 4	yes	Run bulk RNA script
output/tables/dicer1_scrna_filter_tumor_pathway_activity.csv	final	step_pathway	dicer1_scrna_run_pathway_analysis.R (v4 patched)	Rscript scripts/patched/dicer1_scrna_run_pathway_analysis_patched.R	NA	NA	Fig 3i	yes	Run pathway script
output/plots/dicer1_bulk_rna_pca.png	final	step_rna	dicer1_rna.R (patched)	same	NA	NA	Fig 4a	yes	Run bulk RNA script
output/plots/dicer1_rna_dmem_volcano.png	final	step_rna	dicer1_rna.R (patched)	same	NA	NA	Fig 4c	yes	Run bulk RNA script
output/plots/dicer1_scrna_filter_tumor_cell_type.png	final	step_scrna_tumors_filter	dicer1_scrna_tumors_filter_only_patched.R	same as filter-only script	NA	NA	Fig 3b	yes	Run tumors filter-only script
output/plots/dicer1_scrna_filter_tumor_trajectory_pseudotime.png	final	step_scrna_trajectory	dicer1_scrna_trajectory.R (patched)	Rscript scripts/patched/dicer1_scrna_trajectory_patched.R	NA	NA	Fig 4b-c	yes	Run trajectory script
output/plots/dicer1_scrna_filter_tumor_pathway_heatmap.png	final	step_pathway	dicer1_scrna_run_pathway_analysis.R (v4 patched)	Rscript scripts/patched/dicer1_scrna_run_pathway_analysis_patched.R	NA	NA	Fig 4g-h	yes	Run pathway script
output/xenium/dicer1_xenium_mus_musculus_all.rds	raw_input	download_gse289001	GEO:GSE289001 download	curl from GEO FTP (2.2GB)	step_xenium_mouse	dicer1_xenium_proseg_mus_musculus.R	Fig 2e-h + Fig 3e-h + Supp Fig 8	yes	Download GSE289001; paper has no Fig 5-6 for Xenium mouse
output/xenium/dicer1_xenium_wt.rds	intermediate	step_xenium_mouse	dicer1_xenium_proseg_mus_musculus.R (patched)	Rscript scripts/patched/dicer1_xenium_proseg_mus_musculus_patched.R	step_xenium_mouse (MUT pass)	same	Fig 2e-h	no	OOM — 622K WT cells require ≥32 GB RAM; 3 attempts failed
output/xenium/dicer1_xenium_mut.rds	final	step_xenium_mouse	dicer1_xenium_proseg_mus_musculus.R (patched)	same	NA	NA	Fig 3e-h + Supp Fig 8	no	OOM — blocked same as WT pass; paper has no Fig 6
data/dicer1_swgs_50kb_noXY_copyNumbersSegmented_filtered_called.rds	raw_input	NA	not deposited on GEO	requires QDNAseq preprocessing of PRJNA1221971 raw WGS	step_swgs	dicer1_swgs.R	Fig 1 CN panels	no	sWGS CN data not deposited; raw WGS in PRJNA1221971
output/plots/dicer1_swgs_metadata_panel.png	final	step_swgs_metadata	dicer1_swgs_metadata_only_patched.R (independent reimpl.)	Rscript scripts/patched/dicer1_swgs_metadata_only_patched.R	NA	NA	Fig 1 (partial)	yes	already produced
